link,name,old_price,price
https://clickbuy.com.vn/iphone-15-pro-max.html,iPhone 15 Pro Max 256GB Chính Hãng VN/A,[1608.26],[1380.43]
https://clickbuy.com.vn/iphone-15-pro.html,iPhone 15 Pro 128GB Chính Hãng VN/A,[1347.39],[1164.78]
https://clickbuy.com.vn/iphone-15-plus.html,iPhone 15 Plus 128GB Chính Hãng VN/A,,[1051.74]
https://clickbuy.com.vn/iphone-15.html,iPhone 15 128GB Chính Hãng VN/A,[1043.04],[925.65]
https://clickbuy.com.vn/samsung-galaxy-s24-ultra,Samsung Galaxy S24 Ultra (5G) 12GB 256GB Chính Hãng,[1477.83],[1108.26]
https://clickbuy.com.vn/samsung-galaxy-s24-plus,Samsung Galaxy S24 Plus (5G) 12GB 256GB Chính Hãng,[1173.48],[895.22]
https://clickbuy.com.vn/samsung-galaxy-s24,Samsung Galaxy S24 (5G) 8GB 256GB Chính Hãng,[999.57],[738.7]
https://clickbuy.com.vn/apple-iphone-13-128gb-chinh-hang-vn-a.html,iPhone 13 128GB Chính hãng VN/A,[1064.78],[638.7]
https://clickbuy.com.vn/apple-iphone-11-64gb-chinh-hang-vn-a.html,iPhone 11 64GB Chính hãng VN/A,[651.74],[423.91]
https://clickbuy.com.vn/tecno-spark-10-pro-8gb-128gb-chinh-hang.html,Tecno Spark 10 Pro 8GB 128GB Chính Hãng,[173.48],[130.0]
https://clickbuy.com.vn/samsung-galaxy-a34-5g-8gb-128gb-chinh-hang.html,Samsung Galaxy A34 (5G) 8GB 128GB Chính Hãng,[369.13],[247.39]
https://clickbuy.com.vn/samsung-galaxy-a54-5g-8gb-128gb-chinh-hang.html,Samsung Galaxy A54 (5G) 8GB 128GB Chính Hãng,[456.09],[303.91]
https://clickbuy.com.vn/tecno-spark-20,Tecno Spark 20 8GB 128GB Chính Hãng ,[151.74],[125.65]
https://clickbuy.com.vn/apple-iphone-12-64gb-chinh-hang-vn-a.html,iPhone 12 64GB Chính hãng VN/A,,[521.3]
https://clickbuy.com.vn/tecno-spark-2024,Tecno Spark Go 2024 4GB 64GB Chính Hãng,[86.52],[77.83]
https://clickbuy.com.vn/xiaomi-redmi-note-13-pro-8gb-128gb-box,Xiaomi Redmi Note 13 Pro (5G) 8GB 128GB Box,[303.91],[238.7]
https://clickbuy.com.vn/xiaomi-redmi-note-13-pro-chinh-hang,Xiaomi Redmi Note 13 Pro (5G) 8GB 256GB Chính Hãng,[434.35],[390.87]
https://clickbuy.com.vn/apple-iphone-11-128gb-chinh-hang-vn-a.html,iPhone 11 128GB Chính hãng VN/A,[943.04],[490.87]
https://clickbuy.com.vn/samsung-galaxy-z-flip5-8gb-256gb-chinh-hang.html,Samsung Galaxy Z Flip5 8GB 256GB Chính Hãng,[1130.0],[651.74]
https://clickbuy.com.vn/samsung-galaxy-z-fold5-12gb-256gb-chinh-hang.html,Samsung Galaxy Z Fold5 12GB 256GB Chính Hãng,[1782.17],[1234.35]
https://clickbuy.com.vn/thay-chan-sac-iphone-xr.html,Thay chân sạc iPhone XR,,[0.0]
https://clickbuy.com.vn/thay-kinh-ipad-mini-4.html,Thay kính iPad Mini 4,,[0.0]
https://clickbuy.com.vn/thay-kinh-ipad-air-2.html,Thay kính iPad Air 2,,[0.0]
https://clickbuy.com.vn/thay-kinh-ipad-pro-9-7.html,Thay kính iPad Pro 9.7,,[0.0]
https://clickbuy.com.vn/thay-kinh-ipad-pro-10-5.html,Thay kính iPad Pro 10.5,,[0.0]
https://clickbuy.com.vn/thay-kinh-ipad-air-3.html,Thay kính iPad Air 3,,[0.0]
https://clickbuy.com.vn/thay-kinh-ipad-mini-5.html,Thay kính iPad Mini 5,,[0.0]
https://clickbuy.com.vn/thay-kinh-ipad-pro-11-2020.html,Thay kính iPad Pro 11 2020,,[0.0]
https://clickbuy.com.vn/thay-kinh-ipad-pro-12-9-2017.html,Thay kính Ipad Pro 12.9 2017,,[0.0]
https://clickbuy.com.vn/thay-kinh-ipad-pro-12-9-2018.html,Thay kính Ipad Pro 12.9 2018,,[0.0]
https://clickbuy.com.vn/thay-kinh-ipad-pro-12-9-2020.html,Thay kính Ipad Pro 12.9 2020,,[0.0]
https://clickbuy.com.vn/thay-cam-ung-ipad-mini3.html,Thay cảm ứng Ipad Mini3,,[0.0]
https://clickbuy.com.vn/thay-cam-ung-ipad-mini4.html,Thay cảm ứng Ipad Mini4,,[0.0]
https://clickbuy.com.vn/thay-chan-sac-ipad-pro-9-7.html,Thay chân sạc iPad Pro 9.7,,[0.0]
https://clickbuy.com.vn/thay-cam-ung-ipad-pro-12-9-2015.html,Thay cảm ứng Ipad Pro 12.9 2015,,[0.0]
https://clickbuy.com.vn/thay-cam-ung-ipad-mini2.html,Thay cảm ứng Ipad Mini2,,[0.0]
https://clickbuy.com.vn/thay-cam-ung-ipad-mini1.html,Thay cảm ứng Ipad Mini1,,[0.0]
https://clickbuy.com.vn/thay-cam-ung-ipad-air2.html,Thay cảm ứng Ipad Air2,,[0.0]
https://clickbuy.com.vn/thay-cam-ung-ipad-air1.html,Thay cảm ứng Ipad Air1,,[0.0]
https://clickbuy.com.vn/thay-cam-ung-ipad-4.html,Thay cảm ứng Ipad 4,,[0.0]
https://clickbuy.com.vn/op-lung-kem-khe-dung-the-samsung-galaxy-a14-chinh-hang.html,Ôp Lưng Kèm Khe Đựng Thẻ Samsung Galaxy A14 Chính Hãng,[16.96],[6.48]
https://clickbuy.com.vn/sac-nhanh-pisen-20w-combo-sac-cap-lightning.html,Combo Sạc-Cáp Pisen C-Lighting PD 20W,[21.3],[15.17]
https://clickbuy.com.vn/sac-du-phong-samsung-10000mah-chinh-hang.html,Sạc Dự Phòng Samsung 10000mAh 25W Chính Hãng,[43.04],[38.7]
https://clickbuy.com.vn/sac-pisen-quick-ice-crystal-colorful-pd-30w.html,Sạc Pisen QUICK ice Crystal Colorful PD 30W,[21.3],[14.3]
https://clickbuy.com.vn/apple-watch-ultra-2-lte-49mm-vo-titan-day-ocean-chinh-hang-vna.html,Apple Watch Ultra 2 LTE 49mm Vỏ Titan dây  Ocean Chính hãng VN/A,[956.09],[895.22]
https://clickbuy.com.vn/apple-watch-series-9-lte-41mm-vien-nhom-day-vai-chinh-hang-vna.html,Apple Watch Series 9 LTE 41mm | Viền nhôm dây vải | Chính Hãng VN/A,[695.22],[543.04]
https://clickbuy.com.vn/bao-da-samsung-galaxy-tab-a7-lite-chinh-hang.html,Bao Da Samsung Galaxy Tab A7 Lite Chính Hãng,,[6.48]
https://clickbuy.com.vn/bao-da-samsung-galaxy-tab-a8-chinh-hang.html,Bao Da Samsung Galaxy Tab A8 Chính Hãng,,[10.83]
https://clickbuy.com.vn/op-lung-clear-case-galaxy-a54-chinh-hang.html,Ốp Lưng Clear Case Galaxy A54 Chính Hãng,[17.35],[8.26]
https://clickbuy.com.vn/op-lung-trong-linh-hoat-z-flip5-chinh-hang.html,Ốp Lưng Trong Linh Hoạt Z Flip5 Chính Hãng,[25.65],[15.17]
https://clickbuy.com.vn/op-lung-linh-hoat-thong-minh-galaxy-z-flip5.html,Ốp Lưng Thông Minh Galaxy Z Flip5 Chính Hãng,,[16.96]
https://clickbuy.com.vn/dan-man-hinh-galaxy-z-flip5-chinh-hang.html,Dán Màn Hình Galaxy Z Flip5 Chính Hãng,[17.35],[9.52]
https://clickbuy.com.vn/op-lung-kem-spen-galaxy-z-fold5-chinh-hang.html,Ốp Lưng Kèm Spen Galaxy Z Fold5 Chính Hãng,[130.0],[51.74]
https://clickbuy.com.vn/dan-man-hinh-galaxy-z-fold5-chinh-hang.html,Dán Màn Hình Galaxy Z Fold5 Chính Hãng,[21.3],[12.13]
https://clickbuy.com.vn/but-spen-fold-edition-z-fold5-chinh-hang.html,Bút Spen Fold Edition Z Fold5 Chính Hãng,[69.13],[60.43]
https://clickbuy.com.vn/samsung-galaxy-watch6-40mm-bt.html,Samsung Galaxy Watch6 40mm BT,[303.91],[243.04]
https://clickbuy.com.vn/samsung-galaxy-watch6-40mm-lte.html,Samsung Galaxy Watch6 40mm LTE,[325.65],[290.87]
https://clickbuy.com.vn/samsung-galaxy-watch6-44mm-bt-chinh-hang.html,Samsung Galaxy Watch6 44mm BT Chính Hãng,[325.65],[260.43]
https://clickbuy.com.vn/samsung-galaxy-watch6-44mm-lte-chinh-hang.html,Samsung Galaxy Watch6 44mm LTE Chính Hãng,[347.39],[273.48]
https://clickbuy.com.vn/samsung-galaxy-watch6-classic-43mm-bt-chinh-hang.html,Samsung Galaxy Watch6 Classic 43mm BT Chính hãng,[390.87],[290.87]
https://clickbuy.com.vn/samsung-galaxy-watch6-classic-43mm-lte-chinh-hang.html,Samsung Galaxy Watch6 Classic 43mm LTE Chính hãng,[412.61],[330.0]
https://clickbuy.com.vn/samsung-galaxy-watch6-classic-47mm-bt-chinh-hang.html,Samsung Galaxy Watch6 Classic 47mm BT Chính hãng,[412.61],[330.0]
https://clickbuy.com.vn/samsung-galaxy-watch6-classic-47mm-lte-chinh-hang.html,Samsung Galaxy Watch6 Classic 47mm LTE Chính hãng,[434.35],[347.39]
https://clickbuy.com.vn/cu-sac-anker-323-1c1a-33w-trang-white-2-cong.html,Sạc Nhanh Anker 2 Cổng 33W,[23.91],[16.96]
https://clickbuy.com.vn/pin-sac-du-phong-aukey-pb-n83s-20w-pd-10000mah,Pin sạc dự phòng Aukey PB-N83S 20W PD 10.000mAh,[21.3],[15.17]
https://clickbuy.com.vn/sac-du-phong-innostyle-powermag-15w-2-in-1-stand-10000-mah-pd-20w-is20pd,SẠC DỰ PHÒNG INNOSTYLE POWERMAG 15W 2 IN 1 STAND 10000 MAH PD 20W – IS20PD,[51.74],[30.39]
https://clickbuy.com.vn/sdp-innostyle-powermag-slim-15w-wireless-pd-qc30-20w-10000mah-im20pd,SDP Innostyle POWERMAG SLIM 15W (WIRELESS) PD/QC3.0 20W 10000MAH IM20PD,[43.04],[28.22]
https://clickbuy.com.vn/pin-du-phong-magsafe-15w-mipow-power-cube-8000-mah,PIN DỰ PHÒNG MAGSAFE 15W MIPOW POWER CUBE 8000 MAH,[43.04],[30.0]
https://clickbuy.com.vn/pin-du-phong-pisen-pro-power-225w-21000-mah-ts-d301,Pin Dự Phòng Pisen Pro Power 22.5W 21.000 mAh TS-D301,[38.7],[23.43]
https://clickbuy.com.vn/pin-du-phong-pisen-pro-quick-magsafe-225w-10000-mah-dy19,Pin Dự Phòng Pisen Pro Quick Magsafe 22.5W 10.000 mAh DY19,[56.09],[28.22]
https://clickbuy.com.vn/apple-watch-series-se-2023-gps-40mm.html,Apple Watch Series SE 2023 GPS 40mm | Viền nhôm dây cao su | Chính Hãng VN/A,[286.52],[256.09]
https://clickbuy.com.vn/apple-watch-series-se-2023-gps-44mm.html,Apple Watch Series SE 2023 GPS 44mm | Viền nhôm dây cao su | Chính Hãng VN/A,[325.65],[299.57]
https://clickbuy.com.vn/apple-watch-series-9-gps-41mm.html,Apple Watch Series 9 GPS 41mm | Viền nhôm dây cao su | Chính Hãng VN/A,[521.3],[408.26]
https://clickbuy.com.vn/apple-watch-series-se-2023-lte-44mm.html,Apple Watch Series SE 2023 LTE 44mm | Viền nhôm dây cao su | Chính Hãng VN/A,[373.48],[347.39]
https://clickbuy.com.vn/apple-watch-series-9-gps-45mm.html,Apple Watch Series 9 GPS 45mm | Viền nhôm dây cao su | Chính Hãng VN/A,[564.78],[486.52]
https://clickbuy.com.vn/apple-watch-ultra-2-lte-49mm-vo-titan-day-alpine-chinh-hang-vna.html,Apple Watch Ultra 2 LTE 49mm Vỏ Titan dây Alpine Chính hãng VN/A,[999.57],[890.87]
https://clickbuy.com.vn/samsung-galaxy-watch-4-bt-40mm-pink-gold-box-dkh.html,Samsung Galaxy Watch 4 BT 40mm Pink Gold Box - Demo,[260.43],[86.52]
https://clickbuy.com.vn/apple-watch-ultra-2-lte-49mm-vo-titan-day-trail-chinh-hang-vna.html,Apple Watch Ultra 2 LTE 49mm Vỏ Titan dây Trail Chính hãng VN/A,[956.09],[895.22]
https://clickbuy.com.vn/tai-nghe-bluetooth-apple-airpods-2-hang-vn-a.html,Tai Nghe Bluetooth Apple Airpods 2 chính hãng VN/A,[130.0],[116.96]
https://clickbuy.com.vn/tai-nghe-apple-airpods-pro-2021-vna-mlwk3zpa-magsafe.html,"Tai nghe Apple Airpods Pro 2021 VN/A (MLWK3ZP/A, MagSafe)",[260.43],[190.87]
https://clickbuy.com.vn/apple-airpods-pro-2022.html,Apple Airpods Pro 2022 chính hãng VNA ( MagSafe Lightning),[303.91],[225.65]
https://clickbuy.com.vn/apple-watch-series-9-lte-41mm-vien-nhom-day-cao-su-chinh-hang-vna.html,Apple Watch Series 9 LTE 41mm | Viền nhôm dây cao su | Chính Hãng VN/A,[695.22],[543.04]
https://clickbuy.com.vn/apple-watch-series-9-lte-45mm-vien-nhom-day-cao-su-chinh-hang-vna.html,Apple Watch Series 9 LTE 45mm | Viền nhôm dây cao su | Chính Hãng VN/A,,[630.0]
https://clickbuy.com.vn/tai-nghe-bluetooth-apple-airpods-3.html,Tai nghe Bluetooth Apple AirPods 3 chính hãng VNA,[216.96],[171.74]
https://clickbuy.com.vn/tai-nghe-airpods-pro-2-voi-hop-sac-magsafe-usb-c-chinh-hang.html,Tai nghe AirPods Pro 2 với Hộp Sạc MagSafe (Type-C) - Chính Hãng VN/A,,[247.39]
https://clickbuy.com.vn/tai-nghe-bluetooth-soundcore-r50i-den-black.html,Tai nghe Bluetooth soundcore R50i Đen (Kết nối Bluetooth 5.0),,[21.3]
https://clickbuy.com.vn/tai-nghe-bluetooth-nokia-bh-805.html,Tai nghe Bluetooth Nokia BH-805,[69.13],[34.35]
https://clickbuy.com.vn/loa-thong-minh-olli-maika-tro-ly-ao-tieng-viet,Loa thông minh OLLi Maika Trợ lý ảo tiếng Việt,[103.91],[69.13]
https://clickbuy.com.vn/loa-bluetooth-harman-kardon-go-play,Loa Bluetooth Harman Kardon Go + Play Mini,[216.96],[199.57]
https://clickbuy.com.vn/loa-harman-kardon-aura-studio-3,Loa Harman Kardon Aura Studio 3,[282.17],[208.26]
https://clickbuy.com.vn/loa-jbl-party-on-the-go-2-micro,Loa JBL Party On The Go - 2 MICRO,[247.39],[212.61]
https://clickbuy.com.vn/ipad-gen-9wifi-64gb.html,"iPad Gen 9 10.2"" 2021 WiFi 64GB | Chính hãng Việt Nam",[477.83],[295.22]
https://clickbuy.com.vn/harman-kardon-go-play-3,Harman Kardon Go + Play 3,[390.87],[303.91]
https://clickbuy.com.vn/xiaomi-haylou-t16.html,Xiaomi Haylou T16,,[0.0]
https://clickbuy.com.vn/tai-nghe-bluetooth-xiaomi-air-2-se.html,Tai nghe Bluetooth Xiaomi Air 2 SE,,[0.0]
https://clickbuy.com.vn/loa-bluetooth-mi-compact-bluetooth-speaker-2.html,Loa bluetooth Mi Compact Bluetooth Speaker 2,,[0.0]
https://clickbuy.com.vn/redmi-airdots-2-new-fullbox.html,Redmi Airdots 2 (New - Fullbox),,[0.0]
https://clickbuy.com.vn/xiaomi-qcy-t5.html,Xiaomi QCY T5,,[0.0]
https://clickbuy.com.vn/tai-nghe-true-wireless-chong-on-jbl-t230nc.html,Tai nghe True Wireless Chống Ồn JBL T230NC,[108.26],[69.13]
https://clickbuy.com.vn/tai-nghe-apple-earpods-lightning.html,Tai Nghe Apple EarPods Lightning chính hãng VNA,,[19.52]
https://clickbuy.com.vn/tai-nghe-true-wireless-jbl-t115tws.html,Tai nghe True Wireless JBL T115TWS,[64.78],[43.04]
https://clickbuy.com.vn/ipad-gen-9-4g-64gb.html,iPad Gen 9 10.2″ 2021 4G 64GB | Chính hãng Việt Nam,[608.26],[390.87]
https://clickbuy.com.vn/ipad-gen-10-10-9-inch-2022-wifi-64gb-i-chinh-hang-apple-viet-nam.html,iPad Gen 10 10.9 inch 2022 Wifi 64GB I Chính hãng Apple Việt Nam,[564.78],[447.39]
https://clickbuy.com.vn/ipad-pro-11-inch-2022-m2-wifi-128gb-i-chinh-hang-apple-viet-nam.html,iPad Pro M2 11 inch 2022 Wifi 128GB I Chính hãng Apple Việt Nam,[1043.04],[838.7]
https://clickbuy.com.vn/ipad-pro-11-inch-2022-m2-wifi-256gb-i-chinh-hang-apple-viet-nam.html,iPad Pro 11 inch 2022 M2 Wifi 256GB I Chính hãng Apple Việt Nam,[1173.48],[1030.0]
https://clickbuy.com.vn/ipad-gen-10-10-9-inch-2022-wifi-5g-64gb-i-chinh-hang-apple-viet-nam.html,iPad Gen 10 10.9 inch 2022 Wifi + 5G 64GB I Chính hãng Apple Việt Nam,[738.7],[577.83]
https://clickbuy.com.vn/samsung-galaxy-tab-s9-5g-8gb-128gb-chinh-hang.html,Samsung Galaxy Tab S9 5G 8GB 128GB Chính hãng,[999.57],[651.74]
https://clickbuy.com.vn/samsung-galaxy-tab-s9-wifi-12gb-256gb-chinh-hang.html,Samsung Galaxy Tab S9 Wifi 12GB 256GB Chính hãng,[956.09],[608.26]
https://clickbuy.com.vn/samsung-galaxy-tab-s9-5g12gb-256gb-chinh-hang.html,Samsung Galaxy Tab S9 (5G)12GB 256GB Chính hãng,[1086.52],[760.43]
https://clickbuy.com.vn/samsung-galaxy-s23-ultra-5g-8gb-256gb-chinh-hang.html,Samsung Galaxy S23 Ultra (5G) 8GB 256GB Chính Hãng,[1390.87],[873.48]
https://clickbuy.com.vn/samsung-galaxy-a23-5g-chinh-hang.html,Samsung Galaxy A23 (5G) 4GB 128GB Chính hãng,[290.87],[190.87]
https://clickbuy.com.vn/apple-iphone-12-128gb-chinh-hang-vn-a.html,iPhone 12 128GB Chính hãng VN/A,[939.13],[599.57]
https://clickbuy.com.vn/samsung-galaxy-tab-s9-plus-5g-12gb-256gb-chinh-hang.html,Samsung Galaxy Tab S9 Plus (5G) 12GB 256GB Chính hãng,[1260.43],[738.7]
https://clickbuy.com.vn/samsung-galaxy-tab-s9-plus-wifi-12gb-512gb-chinh-hang.html,Samsung Galaxy Tab S9 Plus Wifi 12GB 512GB Chính Hãng,[1216.96],[738.7]
https://clickbuy.com.vn/samsung-galaxy-tab-s9-plus-5g-12gb-512gb-chinh-hang.html,Samsung Galaxy Tab S9 Plus (5G) 12GB 512GB Chính Hãng,[1347.39],[808.26]
https://clickbuy.com.vn/samsung-galaxy-tab-s9-ultra-5g-12gb-512gb-chinh-hang.html,Samsung Galaxy Tab S9 Ultra (5G) 12GB 512GB Chính hãng,[1521.3],[1086.52]
https://clickbuy.com.vn/samsung-galaxy-tab-s9-8gb-128gb-chinh-hang.html,Samsung Galaxy Tab S9 Wifi 8GB 128GB Chính hãng,[869.13],[564.78]
https://clickbuy.com.vn/samsung-galaxy-tab-s9-ultra-12gb-256gb-chinh-hang.html,Samsung Galaxy Tab S9 Ultra (5G) 12GB 256GB Chính hãng,[1434.35],[912.61]
https://clickbuy.com.vn/samsung-galaxy-tab-s9-plus-12gb-256gb-chinh-hang.html,Samsung Galaxy Tab S9 Plus Wifi 12GB 256GB Chính hãng,[1130.0],[695.22]
https://clickbuy.com.vn/samsung-galaxy-tab-a7-lite.html,Samsung Galaxy Tab A7 Lite (T225) Chính hãng,[199.57],[121.3]
https://clickbuy.com.vn/samsung-galaxy-z-flip5-8gb-512gb-chinh-hang.html,Samsung Galaxy Z Flip5 8GB 512GB Chính Hãng,[1303.91],[716.96]
https://clickbuy.com.vn/samsung-galaxy-z-fold5-12gb-512gb-chinh-hang.html,Samsung Galaxy Z Fold5 12GB 512GB Chính Hãng,[1956.09],[1260.43]
https://clickbuy.com.vn/samsung-galaxy-s21-fe-5g.html,Samsung Galaxy S21 FE (5G) 8GB 128GB Chính hãng,[738.7],[390.87]
https://clickbuy.com.vn/samsung-galaxy-s20-fe-256gb-fan-edition.html,Samsung Galaxy S20 FE 256GB (Fan Edition) Chính hãng,[673.48],[321.3]
https://clickbuy.com.vn/samsung-galaxy-s23-plus-5g-8gb-256gb-chinh-hang.html,Samsung Galaxy S23 Plus (5G) 8GB 256GB Chính Hãng,[1173.48],[695.22]
https://clickbuy.com.vn/samsung-galaxy-s23-5g-8gb-256gb-chinh-hang.html,Samsung Galaxy S23 (5G) 8GB 256GB Chính Hãng,[1086.52],[686.52]
https://clickbuy.com.vn/samsung-galaxy-s24-ultra-512GB,Samsung Galaxy S24 Ultra (5G) 12GB 512GB Chính Hãng,[1630.0],[1260.43]
https://clickbuy.com.vn/samsung-galaxy-a14-4g-4gb-128gb-chinh-hang.html,Samsung Galaxy A14 (4G) 4GB 128GB Chính Hãng,[195.22],[151.74]
https://clickbuy.com.vn/apple-iphone-14-plus-128gb-chinh-hang-vna.html,iPhone 14 Plus 128GB chính hãng VNA,[1260.43],[899.57]
https://clickbuy.com.vn/apple-iphone-14-128gb-chinh-hang-vna.html,iPhone 14 128GB chính hãng VNA,[1130.0],[782.17]
https://clickbuy.com.vn/iphone-15-pro-max-512gb.html,iPhone 15 Pro Max 512GB Chính Hãng VN/A,[1999.57],[1660.43]
https://clickbuy.com.vn/iphone-15-256gb.html,iPhone 15 256GB Chính Hãng VN/A,,[1064.78]
https://clickbuy.com.vn/iphone-15-pro-max-1tb.html,iPhone 15 Pro Max 1TB Chính Hãng VN/A,,[1930.0]
https://clickbuy.com.vn/iphone-15-plus-256gb.html,iPhone 15 Plus 256GB Chính Hãng VN/A,,[1260.43]
https://clickbuy.com.vn/iphone-15-pro-256gb.html,iPhone 15 Pro 256GB Chính Hãng VN/A,,[1277.83]
https://clickbuy.com.vn/iphone-15-pro-512gb.html,iPhone 15 Pro 512GB Chính Hãng VN/A,,[1556.09]
https://clickbuy.com.vn/iphone-15-pro-1tb.html,iPhone 15 Pro 1TB Chính Hãng VN/A,,[1803.91]
https://clickbuy.com.vn/samsung-galaxy-tab-s7-fe-chinh-hang.html,Samsung Galaxy Tab S7 FE (4G) Chính Hãng,[608.26],[369.13]
https://clickbuy.com.vn/ipad-air-5-2022-5g-256gb-i-chinh-hang-apple-viet-nam.html,iPad Air 5 (2022) 5G 256GB I Chính hãng Apple Việt Nam,[1173.48],[999.57]
https://clickbuy.com.vn/may-tinh-bang-xiaomi-pad-5-6gb-128gb-chinh-hang-dgw.html,Máy tính bảng Xiaomi Pad 5 6GB/128GB- Chính hãng DGW,[390.87],[369.13]
https://clickbuy.com.vn/samsung-galaxy-a05-4g-4gb-128gb-chinh-hang.html,Samsung Galaxy A05 (4G) 4GB 128GB Chính Hãng,[134.35],[121.3]
https://clickbuy.com.vn/samsung-galaxy-a14-4g-6gb-128gb-chinh-hang.html,Samsung Galaxy A14 (4G) 6GB 128GB Chính Hãng,[195.22],[169.13]
https://clickbuy.com.vn/samsung-galaxy-z-flip4-256gb.html,Samsung Galaxy Z Flip4 (5G) 256GB Chính hãng,[1043.04],[590.87]
https://clickbuy.com.vn/iphone-15-plus-512gb.html,iPhone 15 Plus 512GB Chính Hãng VN/A,,[1434.35]
https://clickbuy.com.vn/iphone-15-512gb.html,iPhone 15 512GB Chính Hãng VN/A,,[1303.91]
https://clickbuy.com.vn/iphone-14-pro-max-128gb-cu-dep-99.html,iPhone 14 Pro Max 128GB cũ đẹp 99%,[1477.83],[864.78]
https://clickbuy.com.vn/iphone-14-pro-128gb-cu-dep-99.html,iPhone 14 Pro 128GB cũ đẹp 99%,[1390.87],[747.39]
https://clickbuy.com.vn/iphone-13-pro-max-128gb-chinh-hang-cu-99.html,iPhone 13 Pro Max 128GB Cũ đẹp 99%,[1195.22],[651.74]
https://clickbuy.com.vn/apple-iphone-12-pro-max-128gb-cu-99.html,iPhone 12 Pro Max 128GB cũ đẹp 99%,,[521.3]
https://clickbuy.com.vn/apple-iphone-11-pro-max-64gb-cu.html,iPhone 11 Pro Max 64GB cũ đẹp 99%,[886.96],[377.83]
https://clickbuy.com.vn/apple-iphone-12-pro-128gb-cu-99.html,iPhone 12 Pro 128GB Cũ đẹp 99%,[1434.35],[412.61]
https://clickbuy.com.vn/iphone-15-plus-lock-128gb.html,iPhone 15 Plus Lock 128GB,,[695.22]
https://clickbuy.com.vn/iphone-14-plus-128gb-cu-dep-99.html,iPhone 14 Plus 128GB cũ đẹp 99%,[1390.87],[616.96]
https://clickbuy.com.vn/iphone-14-128gb-chinh-hang-cu-99.html,iPhone 14 128GB Cũ đẹp 99%,[782.17],[543.04]
https://clickbuy.com.vn/iphone-14-pro-max-256gb-cu-dep-99.html,iPhone 14 Pro Max 256GB cũ đẹp 99%,[1477.83],[921.3]
https://clickbuy.com.vn/apple-iphone-12-128gb-cu-99.html,iPhone 12 128GB cũ đẹp 99%,[869.13],[325.65]
https://clickbuy.com.vn/apple-iphone-12-pro-max-256gb-cu-99.html,iPhone 12 Pro Max 256GB cũ đẹp 99%,[1477.83],[551.74]
https://clickbuy.com.vn/apple-iphone-11-pro-64gb-cu-99.html,iPhone 11 Pro 64GB cũ đẹp 99%,[782.17],[308.26]
https://clickbuy.com.vn/apple-iphone-11-64gb-chinh-hang-cu.html,iPhone 11 64GB cũ đẹp 99%,,[251.74]
https://clickbuy.com.vn/sony-xperia-1-iii-mark-3-12gb-256gb-nhat-cu-99.html,Sony Xperia 1 III (Mark 3) 12GB|256GB Nhật Cũ 99%,[695.22],[334.35]
https://clickbuy.com.vn/ipad-pro-m1-11-128gb-lte-chinh-hang-viet-nam.html,iPad Pro 2021 M1 11'' 5G 128GB | Chính hãng Việt Nam,[1130.0],[1060.43]
https://clickbuy.com.vn/ipad-pro-m1-11-256gb-wifi-chinh-hang-viet-nam.html,iPad Pro M1 11'' –  256GB Wifi | Chính hãng Việt Nam,[1130.0],[986.52]
https://clickbuy.com.vn/inoi-a72,INOI A72 (4G) 4GB 128GB Chính Hãng,,[108.26]
https://clickbuy.com.vn/inoi-288s,INOI 288S (4G) Chính Hãng,,[51.74]
https://clickbuy.com.vn/inoi-a83,INOI A83 (4G) 6GB 128GB Chính Hãng ,,[112.61]
https://clickbuy.com.vn/inoi-note-13s,INOI Note 13s 8GB 256GB Chính Hãng,,[147.39]
https://clickbuy.com.vn/samsung-galaxy-tab-s9-fe-wifi-6gb-128gb-chinh-hang.html,Samsung Galaxy Tab S9 Fe Wifi 6GB 128GB Chính Hãng,[477.83],[330.0]
https://clickbuy.com.vn/samsung-galaxy-tab-s6-lite,Samsung Galaxy Tab S6 Lite 4GB 64GB Chính Hãng,[390.87],[260.43]
https://clickbuy.com.vn/samsung-galaxy-tab-s8-5g-8gb-128gb-chinh-hang.html,Samsung Galaxy Tab S8 (5G) 8GB 128GB Chính Hãng,,[0.0]
https://clickbuy.com.vn/samsung-galaxy-tab-s7-fe-wifi-chinh-hang.html,Samsung Galaxy Tab S7 FE (Wifi) Chính Hãng,[608.26],[295.22]
https://clickbuy.com.vn/samsung-galaxy-tab-s9-fe-plus-wifi-8gb-128gb-chinh-hang.html,Samsung Galaxy Tab S9 FE Plus Wifi 8GB 128GB Chính Hãng,[651.74],[434.35]
https://clickbuy.com.vn/samsung-galaxy-tab-s9-fe-5g,Samsung Galaxy Tab S9 FE (5G) 6GB 128GB Chính Hãng,[477.83],[416.96]
https://clickbuy.com.vn/apple-watch-series-se-2023-gps-40mm-vien-nhom-day-vai-chinh-hang-vna.html,Apple Watch Series SE 2023 GPS 40mm | Viền nhôm dây vải | Chính Hãng VN/A,[390.87],[256.09]
https://clickbuy.com.vn/apple-watch-series-se-2023-gps-44mm-vien-nhom-day-vai-chinh-hang-vna.html,Apple Watch Series SE 2023 GPS 44mm | Viền nhôm dây vải | Chính Hãng VN/A,,[299.57]
https://clickbuy.com.vn/apple-watch-series-se-2023-lte-40mm-vien-nhom-day-vai-chinh-hang-vna.html,Apple Watch Series SE 2023 LTE 40mm | Viền nhôm dây vải | Chính Hãng VN/A,,[312.61]
https://clickbuy.com.vn/apple-watch-series-se-2023-lte-44mm-vien-nhom-day-vai-chinh-hang-vna.html,Apple Watch Series SE 2023 LTE 44mm | Viền nhôm dây vải | Chính Hãng VN/A,,[347.39]
https://clickbuy.com.vn/samsung-galaxy-s21-5g-my-cu-99.html,Samsung Galaxy S21 5G 8GB|128GB Mỹ (2 Sim) cũ 99%,,[243.04]
https://clickbuy.com.vn/apple-iphone-11-pro-max-256gb-cu-99.html,iPhone 11 Pro Max 256GB cũ đẹp 99%,[1043.04],[421.3]
https://clickbuy.com.vn/apple-iphone-xs-max-quoc-te-64gb-cu-99.html,iPhone Xs MAX 64GB cũ đẹp 99%,[564.78],[269.13]
https://clickbuy.com.vn/apple-iphone-xs-64gb-quoc-te-cu-99.html,iPhone Xs 64Gb cũ đẹp 99%,,[199.57]
https://clickbuy.com.vn/samsung-galaxy-s22-ultra-5g-8gb-128gb-cu-99.html,Samsung Galaxy S22 Ultra Mỹ (5G) 8GB 128GB cũ 99% - 2 Sim,[1347.39],[547.39]
https://clickbuy.com.vn/macbook-air-m1-8gb-256gb-chinh-hang-viet-nam.html,MacBook Air 2020 13 inch Apple M1 8GB RAM 256GB SSD Chính hãng Việt Nam,[1173.48],[799.57]
https://clickbuy.com.vn/macbook-pro-m1-8gb-256gb-chinh-hang-vietnam-sa-a.html,"Macbook Pro 13"" M1 8GB 256GB Chính hãng Vietnam",[1608.26],[1086.52]
https://clickbuy.com.vn/imac-24-2021-m1-8gpu-8gb-512gb-i-chinh-hang-apple-viet-nam.html,iMac 24 2021 M1 8GPU 8GB 512GB I Chính hãng Apple Việt Nam,[2216.96],[1521.74]
https://clickbuy.com.vn/laptop-macbook-pro-16-2021-m1-pro-16-core-gpu-1tb-chinh-hang-apple-vn.html,MacBook Pro 2021 16 inch Apple M1 PRO 10-Core CPU 16-core GPU 16GB RAM 1TB SSD | Chính hãng Apple Việt Nam,[3043.04],[1851.74]
https://clickbuy.com.vn/laptop-hp-340s-g7-36a35pa.html,Laptop HP 340S G7 36A35PA (Core i5-1035G1 | 8GB | 512GB | Intel UHD | 14.0 inch FHD | Win 10 | Xám),,[434.35]
https://clickbuy.com.vn/laptop-hp-240-g8-518v5pa-core-i5-1135g7-4gb-256gb-intel-iris-xe-14-0-inch-fhd-win-10-bac.html,Laptop HP 240 G8 518V5PA (Core i5-1135G7 | 8GB | 256GB | Intel Iris Xe | 14.0 inch FHD | Win 10 | Bạc),,[434.35]
https://clickbuy.com.vn/laptop-dell-vostro-5515-r5-5500u.html,Laptop Dell Vostro 5515 (R5 5500U/ 8GB RAM/256GB SSD/15.6 inch FHD/Win10/Xám/Nhập Khẩu) (2021),,[499.57]
https://clickbuy.com.vn/macbook-air-2023-15-inch-apple-m2-8gb-ram-256gb-chinh-hang.html,Macbook Air 2023 15 inch Apple M2 8GB 256GB Chính Hãng Việt Nam,[1434.35],[1282.17]
https://clickbuy.com.vn/macbook-air-2023-15-inch-apple-m2-8gb-512gb-chinh-hang-viet-nam.html,Macbook Air 2023 15 inch Apple M2 8GB 512GB Chính Hãng Việt Nam,[1608.26],[1477.83]
https://clickbuy.com.vn/laptop-lenovo-ideapad-5-14itl05-8g-256g-gray-box-cong-ty,Laptop Lenovo IdeaPad 5 14ITL05 8G 256G Gray Box Công Ty,,[406.52]
https://clickbuy.com.vn/macbook-pro-14-m3-8-core-cpu-10-core-gpu-8gb-512gb-chinh-hang,"MacBook Pro 14"" (M3/8-core CPU/10-core GPU/8GB/512GB) - Chính hãng",,[1738.7]
https://clickbuy.com.vn/macbook-pro-14-m3-8-core-cpu-10-core-gpu-8gb-1tb-chinh-hang,"MacBook Pro 14"" (M3/8-core CPU/10-core GPU/8GB/1TB) - Chính hãng",,[1956.09]
https://clickbuy.com.vn/macbook-pro-14-m3-8-core-cpu-10-core-gpu-16gb-512gb-chinh-hang,"MacBook Pro 14"" (M3/8-core CPU/10-core GPU/16GB/512GB) - Chính hãng",[2390.87],[1899.57]
https://clickbuy.com.vn/macbook-pro-14-m3-8-core-cpu-10-core-gpu-16gb-1tbb-chinh-hang,"MacBook Pro 14"" (M3/8-core CPU/10-core GPU/16GB/1TBGB) - Chính hãng",[2434.35],[2108.26]
https://clickbuy.com.vn/notebook-asus-vivobook-x413ja-211-vbwb.html,Notebook Asus VivoBook X413JA-211.VBWB ( Intel Core i3-1005G1 /4GB DDR4/ 128GB NVMe SSD/14inchFHD/Win10/Màu Trắng,,[338.7]
https://clickbuy.com.vn/laptop-dell-vostro-5410-v4i5014w.html,Laptop Dell Vostro 5410 (V4I5014W) (i5 11300H/8GB RAM/ 512GB SSD/14.0 inch FHD/Win 10/Xám),,[0.0]
https://clickbuy.com.vn/laptop-dell-vostro-3405-v4r53500u003w.html,Laptop Dell Vostro 3405 (V4R53500U003W) (R5 3500U 8GB RAM/512GB SSD/14.0 inch FHD/Win10+ Office/Đen),,[373.48]
https://clickbuy.com.vn/laptop-dell-inspiron-3505-y1n1t3.html,Laptop Dell Inspiron 3505 (Y1N1T3) (R3 3250U 8GB RAM/256GB SSD/15.6 inch FHD/Win10+Office/Đen),,[0.0]
https://clickbuy.com.vn/laptop-hp-240-g8-3d0e9pa.html,Laptop HP 240 G8 3D0E9PA (Core i7-1165G7 | 8GB | 256GB | Intel Iris Xe | 14.0 inch FHD |  Win 10 | Bạc),,[503.91]
https://clickbuy.com.vn/laptop-dell-vostro-5402-v4i5003w.html,Laptop Dell Vostro 5402 (V4I5003W) (i5 1135G7 8GBRAM/256GB SSD/14.0 inch FHD/Win10/Xám),,[0.0]
